precision,recall,f1-score,support
1.0,0.9354838709677419,0.9666666666666667,93.0
0.5384615384615384,1.0,0.7,7.0
0.94,0.94,0.94,0.94
0.7692307692307692,0.967741935483871,0.8333333333333333,100.0
0.9676923076923077,0.94,0.9480000000000001,100.0
