precision,recall,f1-score,support
1.0,0.9797979797979798,0.9897959183673469,99.0
0.3333333333333333,1.0,0.5,1.0
0.98,0.98,0.98,0.98
0.6666666666666666,0.9898989898989898,0.7448979591836735,100.0
0.9933333333333333,0.98,0.9848979591836735,100.0
